title,magnitude,date_time,cdi,mmi,alert,tsunami,sig,net,nst,dmin,gap,magType,depth,latitude,longitude,location,continent,country
"M 6.5 - 42 km W of Sola, Vanuatu",6.5,16/8/2023 12:47,7,4,green,0,657,us,114,7.177,25,mww,192.955,-13.8814,167.158,"Sola, Vanuatu",,Vanuatu
"M 6.6 - 25 km ESE of Loncopué, Argentina",6.6,17/7/2023 3:05,7,5,green,0,899,us,70,1.634,28,mww,171.371,-38.1911,-70.3731,"Loncopué, Argentina",South America,Argentina
M 6.6 - Panama-Colombia border region,6.6,25/5/2023 3:05,6,6,green,1,733,us,50,2.163,129,mww,10,8.8894,-77.1231,Panama-Colombia border region,,Colombia
"M 7.1 - 170 km SSE of Teluk Dalam, Indonesia",7.1,24/4/2023 20:00,9,7,green,0,838,us,70,2.282,58,mww,15.462,-0.781,98.5339,"Teluk Dalam, Indonesia",,Indonesia
"M 7.0 - 96 km N of Tuban, Indonesia",7,14/4/2023 9:55,5,3,green,0,818,us,131,1.881,31,mww,594.028,-6.0255,112.033,"Tuban, Indonesia",,Indonesia
"M 6.5 - near the east coast of the Kamchatka Peninsula, Russia",6.5,3/4/2023 3:06,7,6,yellow,1,655,us,104,0.266,30,mww,105.631,52.7772,158.484,"the Kamchatka Peninsula, Russia",Asia,Russian Federation (the)
"M 7.0 - New Guinea, Papua New Guinea",7,2/4/2023 18:04,7,7,green,1,781,us,105,6.45,31,mww,62.603,-4.2924,143.155,"New Guinea, Papua New Guinea",Asia,Papua New Guinea
"M 6.5 - 84 km NNW of San Antonio de los Cobres, Argentina",6.5,22/3/2023 16:00,4,4,green,0,656,us,97,1.622,33,mww,209.976,-23.4797,-66.5108,"San Antonio de los Cobres, Argentina",South America,Argentina
"M 6.5 - 40 km SSE of Jurm, Afghanistan",6.5,21/3/2023 16:47,7,5,green,0,1350,us,134,2.53,13,mww,187.589,36.5227,70.9787,"Jurm, Afghanistan",Asia,Afghanistan
M 6.8 - near the coast of Ecuador,6.8,18/3/2023 17:12,9,7,orange,1,1159,us,152,0.709,28,mww,65.842,-2.851,-79.8001,Ecuador,South America,Ecuador
"M 6.5 - 108 km NW of Kimbe, Papua New Guinea",6.5,1/3/2023 5:36,4,2,green,1,652,us,115,2.739,20,mww,598.925,-4.8138,149.487,"Kimbe, Papua New Guinea",,Papua New Guinea
"M 6.8 - 67 km W of Murghob, Tajikistan",6.8,23/2/2023 0:37,9,7,green,0,737,us,128,1.783,20,mww,20.522,38.0726,73.2077,"Murghob, Tajikistan",Asia,Tajikistan
"M 7.5 - 4 km SSE of Ekinözü, Turkey",7.5,6/2/2023 10:24,9,9,orange,0,1411,us,135,0.85,17,mww,10,38.0235,37.203,"Ekinözü, Turkey",Asia,Turkiye
"M 6.7 - 18 km ESE of Nurdağı, Turkey",6.7,6/2/2023 1:28,9,8,yellow,0,800,us,108,0.218,44,mww,14.497,37.4135,36.8306,"Nurdağı, Turkey",Asia,Turkiye
M 7.8 - Central Turkey,7.8,6/2/2023 1:17,9,9,red,0,2910,us,118,1.919,32,mww,17.925,37.2012,36.9997,Central Turkey,Asia,Turkiye
M 6.8 - ,6.8,20/1/2023 22:09,4,3,green,0,718,us,60,5.129,61,mww,610.671,-26.7209,-63.0394,,South America,Argentina
"M 7.0 - 153 km NW of Tobelo, Indonesia",7,18/1/2023 6:06,3,5,green,1,756,us,130,1.974,17,mwc,28.566,2.7401,127.051,"Tobelo, Indonesia",,Indonesia
"M 7.6 - Pulau Pulau Tanimbar, Indonesia",7.6,9/1/2023 17:47,5,7,green,0,957,us,114,1.575,21,mww,105.249,-7.0852,130.039,"Pulau Pulau Tanimbar, Indonesia",,Indonesia
M 7.0 - Vanuatu,7,8/1/2023 12:32,8,7,green,1,768,us,116,6.096,36,mww,29,-14.9383,166.878,Vanuatu,,Vanuatu
"M 7.0 - 18 km SW of Malango, Solomon Islands",7,22/11/2022 2:03,8,7,green,1,768,us,117,0.509,17,mww,14,-9.7963,159.596,"Malango, Solomon Islands",Oceania,Solomon Islands
M 7.0 - ,7,12/11/2022 7:09,3,3,green,1,755,us,147,3.125,18,mww,579,-20.0508,-178.346,,Oceania,Fiji
"M 6.7 - 60 km SSW of Boca Chica, Panama",6.7,20/10/2022 11:57,7,6,green,1,797,us,145,1.151,37,mww,20,7.6712,-82.3396,"Boca Chica, Panama",,Panama
"M 6.8 - 55 km SSW of Aguililla, Mexico",6.8,22/9/2022 6:16,8,7,yellow,1,1179,us,175,2.137,92,mww,20,18.33,-102.913,"Aguililla, Mexico",North America,Mexico
"M 7.6 - 35 km SSW of Aguililla, Mexico",7.6,19/9/2022 18:05,9,8,yellow,1,1799,us,271,1.153,69,mww,26.943,18.3667,-103.252,"Aguililla, Mexico",North America,Mexico
"M 6.9 - 90 km E of Yujing, Taiwan",6.9,18/9/2022 6:44,9,9,yellow,1,887,us,215,0.401,34,mww,10,23.1444,121.307,"Yujing, Taiwan",Asia,Taiwan
"M 6.5 - 96 km SE of Lugu, Taiwan",6.5,17/9/2022 13:41,7,7,green,1,756,us,178,0.43,54,mww,10,23.029,121.348,"Lugu, Taiwan",Asia,Taiwan
"M 7.6 - 70 km E of Kainantu, Papua New Guinea",7.6,10/9/2022 23:47,8,8,yellow,1,965,us,272,3.158,12,mww,116,-6.2237,146.471,"Kainantu, Papua New Guinea",Oceania,Papua New Guinea
"M 6.6 - 44 km SE of Kangding, China",6.6,5/9/2022 4:52,9,8,orange,0,1043,us,141,8.454,34,mww,12,29.7263,102.279,"Kangding, China",Asia,People's Republic of China
"M 7.0 - 11 km NE of Bantay, Philippines",7,27/7/2022 0:43,9,8,yellow,1,1351,us,152,5.276,22,mww,33.729,17.5978,120.809,"Bantay, Philippines",Asia,Philippines
"M 6.5 - 107 km SSW of Tarauacá, Brazil",6.5,8/6/2022 0:55,3,2,green,0,653,us,236,1.999,31,mww,622.73,-9.0618,-71.1647,"Tarauacá, Brazil",South America,Brazil
"M 7.2 - 10 km W of Azángaro, Peru",7.2,26/5/2022 12:02,7,5,green,1,876,us,144,2.494,40,mww,236,-14.8628,-70.3081,"Azángaro, Peru",South America,Peru
"M 6.8 - 86 km NNW of San Antonio de los Cobres, Argentina",6.8,10/5/2022 23:06,6,5,green,1,762,us,162,1.505,30,mww,220,-23.6141,-66.7236,"San Antonio de los Cobres, Argentina",South America,Argentina
"M 6.7 - 65 km S of Hualien City, Taiwan",6.7,22/3/2022 17:41,8,7,green,1,806,us,0,0.289,32,mww,24,23.3421,121.636,"Hualien City, Taiwan",Asia,Taiwan
"M 6.7 - 166 km W of Pariaman, Indonesia",6.7,13/3/2022 21:09,9,6,green,0,708,us,0,2.188,43,mww,28,-0.6831,98.6034,"Pariaman, Indonesia",Asia,Indonesia
"M 6.5 - 49 km NW of Barranca, Peru",6.5,3/2/2022 15:58,8,6,green,0,690,us,0,3.026,22,mww,110,-4.455,-76.9395,"Barranca, Peru",South America,Peru
"M 6.6 - 80 km SW of Labuan, Indonesia",6.6,14/1/2022 9:05,8,6,green,0,785,us,0,2.418,22,mww,33,-6.9291,105.251,"Labuan, Indonesia",,Indonesia
"M 6.6 - northern Qinghai, China",6.6,7/1/2022 17:45,9,8,orange,0,1012,us,0,2.685,13,mww,13,37.8167,101.299,"northern Qinghai, China",Asia,People's Republic of China
"M 7.3 - 125 km NNE of Lospalos, Timor Leste",7.3,29/12/2021 18:25,8,7,green,0,921,us,0,3.713,19,mww,165.49,-7.5924,127.581,"Lospalos, Timor Leste",,Indonesia
M 7.3 - Flores Sea,7.3,14/12/2021 3:20,9,5,green,1,854,us,0,1.025,32,mww,14.27,-7.6033,122.2,Flores Sea,Asia,Indonesia
"M 7.5 - 43 km NNW of Barranca, Peru",7.5,28/11/2021 10:52,8,8,yellow,1,1094,us,0,4.951,40,mww,126,-4.4898,-76.8461,"Barranca, Peru",South America,Peru
"M 6.9 - 112 km E of Chignik, Alaska",6.9,11/10/2021 9:10,8,6,green,1,995,ak,0,0,0,mww,51.6,56.2581,-156.492,"Chignik, Alaska",North America,United States of America
"M 7.0 - Acapulco, Mexico",7,8/9/2021 1:47,8,8,red,1,2504,us,0,0.07,43,mww,20,16.9502,-99.7877,"Acapulco, Mexico",North America,Mexico
M 7.1 - South Sandwich Islands region,7.1,22/8/2021 21:33,1,4,green,1,776,us,0,9.799,32,mww,6,-60.3026,-24.9992,South Sandwich Islands region,,Antarctica
M 6.6 - South Sandwich Islands region,6.6,22/8/2021 0:45,1,3,green,1,670,us,0,8.865,19,mww,7,-60.1023,-24.4608,South Sandwich Islands region,,Antarctica
"M 6.9 - 17 km N of Port-Olry, Vanuatu",6.9,18/8/2021 10:10,8,7,green,1,741,us,0,0.579,54,mww,93,-14.892,167.085,"Port-Olry, Vanuatu",Oceania,Vanuatu
"M 7.2 - Nippes, Haiti",7.2,14/8/2021 12:29,9,8,red,1,2331,us,0,1.178,23,mww,10,18.3521,-73.4804,"Nippes, Haiti",North America,Haiti
"M 6.7 - 15 km S of Hukay, Philippines",6.7,23/7/2021 20:48,8,5,green,1,935,us,0,8.139,12,mww,110,13.6989,120.713,"Hukay, Philippines",Asia,Philippines
"M 7.3 - Southern Qinghai, China",7.3,21/5/2021 18:04,9,9,orange,0,1025,us,0,4.655,9,mww,10,34.5861,98.2551,"Southern Qinghai, China",Asia,People's Republic of China
M 6.9 - ,6.9,1/5/2021 1:27,7,6,green,1,919,us,0,2.619,35,mww,43,38.2296,141.665,,Asia,Japan
"M 7.0 - 30 km E of Ishinomaki, Japan",7,20/3/2021 9:09,7,7,yellow,1,1052,us,0,2.378,35,mww,43,38.4752,141.607,"Ishinomaki, Japan",Asia,Japan
M 6.9 - South Shetland Islands,6.9,23/1/2021 23:36,9,5,green,1,739,us,0,1.55,16,mww,15,-61.8484,-55.559,South Shetland Islands,,Antarctica
"M 6.7 - 29 km SSW of Turt, Mongolia",6.7,11/1/2021 21:32,8,8,green,0,776,us,0,2.043,22,mww,10,51.2407,100.443,"Turt, Mongolia",Asia,Mongolia
"M 7.0 - 13 km NNE of Néon Karlovásion, Greece",7,30/10/2020 11:51,8,7,orange,0,1527,us,0,1.518,18,mww,21,37.8973,26.7953,"Néon Karlovásion, Greece",Europe,Greece
"M 7.6 - 99 km SE of Sand Point, Alaska",7.6,19/10/2020 20:54,9,7,yellow,1,1165,us,0,0.23,36,mww,28.37,54.662,-159.675,"Sand Point, Alaska",North America,United States of America
"M 6.8 - 86 km NW of Vallenar, Chile",6.8,1/9/2020 4:09,6,7,green,1,824,us,0,0.312,69,mww,21,-28.013,-71.1958,"Vallenar, Chile",,Chile
"M 6.9 - 222 km SSE of Katabu, Indonesia",6.9,21/8/2020 4:09,4,3,green,0,749,us,0,2.267,20,mww,624,-6.6704,123.493,"Katabu, Indonesia",,Indonesia
"M 6.9 - 122 km WSW of Bengkulu, Indonesia",6.9,18/8/2020 22:29,4,4,green,0,735,us,0,1.716,25,mww,26,-4.2791,101.215,"Bengkulu, Indonesia",,Indonesia
"M 6.8 - 138 km WSW of Bengkulu, Indonesia",6.8,18/8/2020 22:23,5,4,green,0,716,us,0,1.816,34,mww,22,-4.3724,101.095,"Bengkulu, Indonesia",,Indonesia
"M 6.6 - 13 km E of San Pedro, Philippines",6.6,18/8/2020 0:03,9,8,yellow,1,784,us,0,5.128,14,mww,10,12.0065,124.13,"San Pedro, Philippines",,Philippines
"M 7.0 - 114 km NNW of Popondetta, Papua New Guinea",7,17/7/2020 2:50,6,7,green,1,820,us,0,1.671,18,mww,73,-7.847,147.755,"Popondetta, Papua New Guinea",,Papua New Guinea
"M 6.6 - 97 km N of Batang, Indonesia",6.6,6/7/2020 22:54,4,2,green,0,684,us,0,1.458,14,mww,533.76,-5.6368,110.678,"Batang, Indonesia",,Indonesia
"M 7.4 - 9 km SE of Santa María Xadani, Mexico",7.4,23/6/2020 15:29,8,8,orange,1,1494,us,0,0.151,30,mww,20,15.9163,-95.9533,"Santa María Xadani, Mexico",North America,Mexico
"M 6.8 - 48 km SW of San Pedro de Atacama, Chile",6.8,3/6/2020 7:35,6,6,green,1,835,us,0,1.164,21,mww,112,-23.2966,-68.4204,"San Pedro de Atacama, Chile",South America,Chile
"M 6.5 - Monte Cristo Range, NV Earthquake",6.5,15/5/2020 11:03,7,8,green,0,1320,nn,27,0.357,55.79,ml,2.7,38.1689,-117.85,"Monte Cristo Range, NV Earthquake",North America,United States of America
M 6.8 - Banda Sea,6.8,6/5/2020 13:53,4,6,green,0,738,us,0,1.921,16,mww,96,-6.7762,129.785,Banda Sea,,Indonesia
"M 6.5 - Stanley, Idaho",6.5,31/3/2020 23:52,8,8,green,0,1410,us,0,0.885,31,mww,12.06,44.4646,-115.118,"Stanley, Idaho",North America,United States of America
"M 7.0 - 95 km ENE of Kuril’sk, Russia",7,13/2/2020 10:33,5,6,yellow,1,770,us,0,4.501,25,mww,143,45.6161,148.959,"Kuril’sk, Russia",Asia,Russia
"M 6.7 - 13 km N of Do?anyol, Turkey",6.7,24/1/2020 17:55,8,9,orange,0,1247,us,0,0.87,49,mww,10,38.4312,39.0609,"Do?anyol, Turkey",Asia,Turkey
"M 6.8 - 7 km S of Magsaysay, Philippines",6.8,15/12/2019 6:11,9,7,yellow,1,825,us,0,0.546,39,mww,18,6.6969,125.174,"Magsaysay, Philippines",,Philippines
"M 7.1 - 138km E of Bitung, Indonesia",7.1,14/11/2019 16:17,6,6,green,1,799,us,0,1.271,11,mww,33,1.6213,126.416,"Bitung, Indonesia",,Indonesia
"M 6.5 - 2km ESE of Kisante, Philippines",6.5,31/10/2019 1:11,9,7,green,1,733,us,0,0.428,19,mww,10,6.9098,125.178,"Kisante, Philippines",,Philippines
"M 6.6 - 10 km NE of Columbio, Philippines",6.6,29/10/2019 1:04,9,7,yellow,1,780,us,0,0.646,24,mww,15,6.7567,125.008,"Columbio, Philippines",,Philippines
"M 6.5 - 11km S of Kairatu, Indonesia",6.5,25/9/2019 23:46,7,7,yellow,1,656,us,0,3.909,15,mww,12.26,-3.4528,128.37,"Kairatu, Indonesia",,Indonesia
"M 6.6 - 34km NNE of Ndoi Island, Fiji",6.6,1/9/2019 15:54,2,3,,1,671,us,0,4.121,19,mww,591,-20.3641,-178.57,"Ndoi Island, Fiji",,Fiji
"M 6.6 - 131km S of Bristol Island, South Sandwich Islands",6.6,27/8/2019 23:55,0,4,green,1,670,us,0,12.896,19,mww,16,-60.2152,-26.5801,"Bristol Island, South Sandwich Islands",,United Kingdom of Great Britain and Northern Ireland (the)
"M 6.6 - 62km E of Lakatoro, Vanuatu",6.6,31/7/2019 15:02,0,4,green,1,670,us,0,6.024,30,mww,181,-16.1985,167.998,"Lakatoro, Vanuatu",,Vanuatu
"M 7.2 - 93km NNE of Laiwui, Indonesia",7.2,14/7/2019 9:10,7,7,green,1,809,us,0,1.504,38,mww,18.98,-0.5858,128.034,"Laiwui, Indonesia",,Indonesia
"M 6.9 - 134km WSW of Kota Ternate, Indonesia",6.9,7/7/2019 15:08,7,5,green,0,747,us,0,1.205,21,mww,35,0.5126,126.189,"Kota Ternate, Indonesia",,Indonesia
"M 7.1 - 18km W of Searles Valley, CA",7.1,6/7/2019 3:19,9,9,yellow,0,1646,ci,77,0.04616,43,mw,8,35.7695,-117.599,"Searles Valley, CA",North America,United States of America
"M 7.3 - 292km NW of Saumlaki, Indonesia",7.3,24/6/2019 2:53,4,6,green,1,952,us,0,2.629,16,mww,212,-6.4078,129.169,"Saumlaki, Indonesia",,Indonesia
"M 8.0 - 78 km NE of Navarro, Peru",8,26/5/2019 7:41,9,8,orange,1,1890,us,0,3.18,17,mww,122.57,-5.8119,-75.2697,"Navarro, Peru",South America,Peru
"M 7.6 - 46km SSE of Namatanai, Papua New Guinea",7.6,14/5/2019 12:58,7,7,green,1,929,us,0,0.453,16,mww,10,-4.051,152.597,"Namatanai, Papua New Guinea",,Papua New Guinea
"M 7.1 - 33km NW of Bulolo, Papua New Guinea",7.1,6/5/2019 21:19,7,6,yellow,1,826,us,0,2.514,16,mww,146,-6.9746,146.449,"Bulolo, Papua New Guinea",,Papua New Guinea
"M 6.8 - 98km SSW of Luwuk, Indonesia",6.8,12/4/2019 11:40,5,6,green,1,717,us,0,0.791,28,mww,15.46,-1.8146,122.58,"Luwuk, Indonesia",,Indonesia
"M 7.0 - 22 km NNE of Azángaro, Peru",7,1/3/2019 8:50,7,4,green,1,869,us,0,2.501,42,mww,267,-14.7131,-70.1546,"Azángaro, Peru",South America,Peru
"M 7.5 - 111km ESE of Palora, Ecuador",7.5,22/2/2019 10:17,7,7,yellow,1,1145,us,0,2.045,15,mww,145,-2.1862,-77.0505,"Palora, Ecuador",South America,Ecuador
"M 6.7 - 5 km SW of Puerto Madero, Mexico",6.7,1/2/2019 16:14,6,6,yellow,1,909,us,0,0.289,43,mww,66,14.6802,-92.4527,"Puerto Madero, Mexico",,Mexico
"M 6.7 - 10 km SSW of Coquimbo, Chile",6.7,20/1/2019 1:32,8,8,orange,1,1600,us,0,0.173,22,mww,63,-30.0404,-71.3815,"Coquimbo, Chile",South America,Chile
"M 6.6 - 94 km NW of Sola, Vanuatu",6.6,15/1/2019 18:06,5,4,green,1,671,us,0,7.818,18,mww,35,-13.336,166.875,"Sola, Vanuatu",,Vanuatu
M 6.6 - Molucca Sea,6.6,6/1/2019 17:27,2,4,green,1,672,us,0,1.596,33,mww,43.21,2.258,126.758,Molucca Sea,,Indonesia
"M 6.8 - 90km W of Tarauaca, Brazil",6.8,5/1/2019 19:25,3,3,green,0,715,us,0,1.181,16,mww,570.41,-8.144,-71.587,"Tarauaca, Brazil",South America,Brazil
M 7.1 - South Sandwich Islands region,7.1,11/12/2018 2:26,0,5,green,1,776,us,0,7.043,20,mww,133,-58.5446,-26.3856,South Sandwich Islands region,,South Georgia and the South Sandwich Islands
"M 7.1 - 1 km SE of Point MacKenzie, Alaska",7.1,30/11/2018 17:29,8,8,orange,1,1790,ak,0,0,0,mw,46.7,61.3464,-149.955,"Point MacKenzie, Alaska",North America,United States of America
"M 6.8 - 187 km E of Levuka, Fiji",6.8,18/11/2018 20:25,0,3,green,1,711,us,0,2.879,39,mww,540,-17.8735,-178.927,"Levuka, Fiji",,Fiji
"M 7.0 - 119 km E of Kimbe, Papua New Guinea",7,10/10/2018 20:48,6,6,green,1,758,us,0,1.778,18,mww,39,-5.7012,151.205,"Kimbe, Papua New Guinea",,Papua New Guinea
"M 6.7 - 279 km E of Levuka, Fiji",6.7,30/9/2018 10:52,2,3,green,1,691,us,0,3.745,23,mww,550,-18.3604,-178.063,"Levuka, Fiji",,Fiji
"M 7.5 - 72 km N of Palu, Indonesia",7.5,28/9/2018 10:02,8,8,red,0,2026,us,0,1.649,13,mww,20,-0.2559,119.846,"Palu, Indonesia",,Indonesia
"M 6.5 - 66 km NW of Kirakira, Solomon Islands",6.5,9/9/2018 19:31,3,6,green,1,651,us,0,1.638,25,mww,68,-10.0207,161.503,"Kirakira, Solomon Islands",,Solomon Islands
"M 7.9 - 45 km S of Levuka, Fiji",7.9,6/9/2018 15:49,7,4,green,1,979,us,0,1.431,12,mww,670.81,-18.4743,179.35,"Levuka, Fiji",,Fiji
"M 6.6 - 27 km ESE of Chitose, Japan",6.6,5/9/2018 18:07,8,9,orange,1,1075,us,0,1.13,32,mww,35,42.6861,141.929,"Chitose, Japan",Asia,Japan
"M 7.1 - 136 km W of Iñapari, Peru",7.1,24/8/2018 9:04,0,3,green,0,776,us,0,3.77,12,mww,630,-11.0355,-70.8284,"Iñapari, Peru",South America,Peru
"M 6.5 - 78 km E of Lakatoro, Vanuatu",6.5,21/8/2018 22:32,6,7,green,1,652,us,0,4.797,10,mww,9,-16.0315,168.143,"Lakatoro, Vanuatu",,Vanuatu
"M 7.3 - 40 km ENE of Carúpano, Venezuela",7.3,21/8/2018 21:31,8,6,yellow,1,1570,us,0,1.822,15,mww,146.82,10.7731,-62.9019,"Carúpano, Venezuela",,Venezuela
"M 6.9 - 20 km NNW of Labuan Lombok, Indonesia",6.9,19/8/2018 14:56,7,7,green,0,1206,us,0,2.453,31,mww,21,-8.319,116.627,"Labuan Lombok, Indonesia",,Indonesia
"M 8.2 - 267 km E of Levuka, Fiji",8.2,19/8/2018 0:19,5,4,green,1,1050,us,0,3.63,13,mww,600,-18.1125,-178.153,"Levuka, Fiji",,Fiji
"M 6.5 - 124 km N of Labuan Bajo, Indonesia",6.5,17/8/2018 15:35,5,3,green,0,743,us,0,2.719,23,mww,529,-7.3718,119.802,"Labuan Bajo, Indonesia",,Indonesia
"M 6.5 - 108 km WSW of Adak, Alaska",6.5,15/8/2018 21:56,6,6,green,1,655,us,0,0.576,22,mww,33.93,51.4234,-178.026,"Adak, Alaska",North America,United States of America
"M 6.9 - 36 km NW of Labuan Lombok, Indonesia",6.9,5/8/2018 11:46,9,8,orange,0,1704,us,0,2.271,15,mww,34,-8.2581,116.438,"Labuan Lombok, Indonesia",,Indonesia
"M 6.9 - 18 km SSW of Leilani Estates, Hawaii",6.9,4/5/2018 22:32,7,8,yellow,1,1392,hv,63,0.11,210,mw,5.81,19.3182,-155,"Leilani Estates, Hawaii",,United States of America
"M 6.8 - 38 km SE of Boyuibe, Bolivia",6.8,2/4/2018 13:40,5,3,green,0,733,us,0,5.32,16,mww,559,-20.6588,-63.0058,"Boyuibe, Bolivia",South America,Bolivia
"M 6.9 - 150 km E of Kimbe, Papua New Guinea",6.9,29/3/2018 21:25,9,6,green,1,741,us,0,1.487,18,mww,35,-5.5321,151.5,"Kimbe, Papua New Guinea",,Papua New Guinea
"M 6.7 - 140 km E of Kimbe, Papua New Guinea",6.7,26/3/2018 9:51,5,6,green,1,696,us,0,1.507,15,mww,40,-5.5024,151.402,"Kimbe, Papua New Guinea",,Papua New Guinea
"M 6.8 - 103 km E of Kokopo, Papua New Guinea",6.8,8/3/2018 17:39,6,6,green,1,719,us,0,1.049,16,mww,22.86,-4.3762,153.2,"Kokopo, Papua New Guinea",,Papua New Guinea
"M 6.7 - 62 km SW of Tari, Papua New Guinea",6.7,6/3/2018 14:13,8,7,green,1,697,us,0,5.457,19,mww,20.49,-6.3043,142.612,"Tari, Papua New Guinea",,Papua New Guinea
"M 7.5 - 32 km SW of Tari, Papua New Guinea",7.5,25/2/2018 17:44,9,8,yellow,1,943,us,0,5.48,17,mww,25.21,-6.0699,142.754,"Tari, Papua New Guinea",,Papua New Guinea
"M 7.2 - 4 km S of Pinotepa de Don Luis, Mexico",7.2,16/2/2018 23:39,7,7,yellow,1,1384,us,0,0.142,82,mww,22,16.3855,-97.9787,"Pinotepa de Don Luis, Mexico",North America,Mexico
"M 7.1 - 37 km W of Atiquipa, Peru",7.1,14/1/2018 9:18,9,7,green,1,1075,us,0,4.29,23,mww,39,-15.7675,-74.7092,"Atiquipa, Peru",,Peru
"M 6.5 - 12 km SSW of Kawalu, Indonesia",6.5,15/12/2017 16:47,8,7,green,0,998,us,0,2.365,28,mww,90,-7.4921,108.174,"Kawalu, Indonesia",,Indonesia
"M 6.5 - 18 km W of Parrita, Costa Rica",6.5,13/11/2017 2:28,8,8,yellow,1,1153,us,0,0.225,37,mww,19.36,9.5147,-84.4865,"Parrita, Costa Rica",,Costa Rica
"M 7.3 - 29 km S of ?alabja, Iraq",7.3,12/11/2017 18:18,8,9,red,0,2790,us,0,0.284,33,mww,19,34.9109,45.9592,"?alabja, Iraq",Asia,Iran
"M 6.5 - 67 km WSW of Angoram, Papua New Guinea",6.5,7/11/2017 21:26,6,5,green,1,661,us,0,4.449,10,mww,110.57,-4.2433,143.485,"Angoram, Papua New Guinea",,Papua New Guinea
"M 6.7 - 181 km NNE of Maumere, Indonesia",6.7,24/10/2017 10:47,3,3,green,0,694,us,0,1.634,16,mww,553.81,-7.2168,123.074,"Maumere, Indonesia",,Indonesia
"M 7.1 - 1 km S of Matzaco, Mexico",7.1,19/9/2017 18:14,9,8,,0,1686,us,0,0.984,23,mww,48,18.5499,-98.4887,"Matzaco, Mexico",North America,Mexico
"M 6.5 - 168 km SW of Mawu, China",6.5,8/8/2017 13:19,5,7,yellow,0,707,us,0,11.411,22,mww,9,33.1926,103.855,"Mawu, China",Asia,People's Republic of China
"M 6.6 - 11 km ENE of Kos, Greece",6.6,20/7/2017 22:31,7,7,yellow,0,1064,us,0,0.913,16,mww,7,36.9293,27.4139,"Kos, Greece",Asia,Turkey
"M 6.5 - 2 km S of Lim-oo, Philippines",6.5,6/7/2017 8:03,9,8,yellow,1,740,us,0,4.139,30,mww,9,11.1269,124.629,"Lim-oo, Philippines",,Philippines
"M 6.9 - 2 km SSW of San Pablo, Guatemala",6.9,14/6/2017 7:29,8,6,yellow,1,1188,us,0,0.247,35,mww,93,14.9091,-92.0092,"San Pablo, Guatemala",,Guatemala
"M 6.6 - 37 km WNW of Poso, Indonesia",6.6,29/5/2017 14:35,7,7,green,0,678,us,0,2.353,18,mww,12,-1.2923,120.431,"Poso, Indonesia",,Indonesia
"M 6.8 - 59 km NNE of Port-Olry, Vanuatu",6.8,9/5/2017 13:52,6,5,green,1,713,us,0,7.495,19,mww,169,-14.5884,167.377,"Port-Olry, Vanuatu",,Vanuatu
"M 6.9 - 31 km SW of Burias, Philippines",6.9,28/4/2017 20:23,9,6,green,1,814,us,0,1.636,14,mww,26,5.5043,125.066,"Burias, Philippines",,Philippines
"M 6.5 - 132 km WSW of Moijabana, Botswana",6.5,3/4/2017 17:40,7,8,green,0,1297,us,0,2.36,15,mww,29,-22.6784,25.1558,"Moijabana, Botswana",Africa,Botswana
"M 6.6 - 81 km NNE of Ust’-Kamchatsk Staryy, Russia",6.6,29/3/2017 4:09,6,7,yellow,1,671,us,0,4.591,14,mww,17,56.9401,162.786,"Ust’-Kamchatsk Staryy, Russia",Asia,Russia
"M 6.5 - 41 km E of Padilla, Bolivia",6.5,21/2/2017 14:09,3,3,green,0,653,us,0,4.242,14,mww,595.98,-19.2814,-63.9047,"Padilla, Bolivia",South America,Bolivia
"M 6.5 - 11 km N of Mabua, Philippines",6.5,10/2/2017 14:03,8,7,yellow,1,718,us,0,2.822,36,mww,15,9.9071,125.452,"Mabua, Philippines",,Philippines
"M 7.9 - 35 km WNW of Panguna, Papua New Guinea",7.9,22/1/2017 4:30,9,7,yellow,1,987,us,0,3.625,9,mww,135,-6.2464,155.172,"Panguna, Papua New Guinea",,Papua New Guinea
"M 6.5 - 65 km W of Kirakira, Solomon Islands",6.5,19/1/2017 23:04,6,6,green,1,654,us,0,1.64,21,mww,36,-10.3506,161.335,"Kirakira, Solomon Islands",,Solomon Islands
"M 7.6 - 41 km SW of Quellón, Chile",7.6,25/12/2016 14:22,9,8,yellow,1,1152,us,0,0.355,29,mww,38,-43.4064,-73.9413,"Quellón, Chile",South America,Chile
"M 6.7 - 151 km NE of Lospalos, Timor Leste",6.7,21/12/2016 0:17,5,5,green,0,726,us,0,3.38,17,mww,152,-7.5082,127.921,"Lospalos, Timor Leste",,Indonesia
"M 7.9 - 140 km E of Kokopo, Papua New Guinea",7.9,17/12/2016 10:51,9,7,yellow,1,972,us,0,1.389,13,mww,94.54,-4.5049,153.522,"Kokopo, Papua New Guinea",,Papua New Guinea
"M 7.8 - 69 km WSW of Kirakira, Solomon Islands",7.8,8/12/2016 17:38,9,8,green,1,961,us,0,1.836,13,mww,40,-10.6812,161.327,"Kirakira, Solomon Islands",,Solomon Islands
"M 6.5 - 14 km WNW of Reuleuet, Indonesia",6.5,6/12/2016 22:03,9,8,yellow,0,731,us,0,0.778,27,mww,13,5.2834,96.1678,"Reuleuet, Indonesia",,Indonesia
"M 6.6 - 122 km N of Murghob, Tajikistan",6.6,25/11/2016 14:24,8,7,green,0,693,us,0,1.697,20,mww,17,39.2732,73.9776,"Murghob, Tajikistan",Asia,People's Republic of China
"M 6.5 - 74 km NE of Amberley, New Zealand",6.5,14/11/2016 0:34,7,7,yellow,1,664,us,0,0.283,56,mww,9,-42.6058,173.254,"Amberley, New Zealand",,New Zealand
"M 6.5 - 92 km SSW of Blenheim, New Zealand",6.5,13/11/2016 11:32,6,7,yellow,1,656,us,0,0.135,58,mww,10,-42.3205,173.669,"Blenheim, New Zealand",,New Zealand
"M 7.8 - 53 km NNE of Amberley, New Zealand",7.8,13/11/2016 11:02,9,9,orange,1,1545,us,0,0.481,21,mww,15.11,-42.7373,173.054,"Amberley, New Zealand",,New Zealand
"M 6.6 - 5 km ESE of Preci, Italy",6.6,30/10/2016 6:40,9,8,red,0,2840,us,0,0.174,25,mww,8,42.8621,13.0961,"Preci, Italy",Europe,Italy
"M 6.6 - 161 km NNE of Pamanukan, Indonesia",6.6,19/10/2016 0:26,3,3,green,0,677,us,0,2.022,16,mww,614,-4.8626,108.163,"Pamanukan, Indonesia",,Indonesia
"M 6.8 - 76 km WNW of Kandrian, Papua New Guinea",6.8,17/10/2016 6:14,3,6,green,1,716,us,0,3.727,11,mww,42,-6.0033,148.887,"Kandrian, Papua New Guinea",,Papua New Guinea
M 6.9 - Fiji region,6.9,24/9/2016 21:28,2,3,green,1,733,us,0,4.051,9,mww,596.4,-19.7819,-178.244,Fiji region,,Fiji
"M 6.8 - 90 km NE of Rabaul, Papua New Guinea",6.8,31/8/2016 3:11,4,3,green,1,713,us,0,0.803,12,mww,476,-3.6849,152.792,"Rabaul, Papua New Guinea",,Papua New Guinea
"M 6.8 - 26 km W of Chauk, Myanmar",6.8,24/8/2016 10:34,6,6,yellow,0,981,us,0,1.802,17,mww,82,20.9228,94.569,"Chauk, Myanmar",Asia,Myanmar
"M 6.6 - 80 km W of Sungai Penuh, Indonesia",6.6,1/6/2016 22:56,4,6,green,0,671,us,0,2.435,16,mww,50,-2.0967,100.665,"Sungai Penuh, Indonesia",,Indonesia
"M 6.9 - 24 km NW of Rosa Zarate, Ecuador",6.9,18/5/2016 16:46,8,7,green,1,780,us,0,1.192,17,mww,29.95,0.4947,-79.616,"Rosa Zarate, Ecuador",South America,Ecuador
"M 6.7 - 32 km SE of Muisne, Ecuador",6.7,18/5/2016 7:57,5,7,green,1,744,us,0,1.352,21,mww,16,0.4261,-79.7899,"Muisne, Ecuador",South America,Ecuador
"M 7.0 - 3 km NW of Norsup, Vanuatu",7,28/4/2016 19:33,7,7,green,1,755,us,0,0.616,14,mww,24,-16.0429,167.379,"Norsup, Vanuatu",,Vanuatu
"M 7.8 - 27 km SSE of Muisne, Ecuador",7.8,16/4/2016 23:58,9,9,orange,1,1163,us,0,1.44,15,mww,20.59,0.3819,-79.9218,"Muisne, Ecuador",South America,Ecuador
"M 7.0 - 6 km ESE of Kumamoto, Japan",7,15/4/2016 16:25,9,9,red,1,2074,us,0,0.349,32,mww,10,32.7906,130.754,"Kumamoto, Japan",Asia,Japan
"M 6.9 - 76 km SE of Mawlaik, Myanmar",6.9,13/4/2016 13:55,6,6,yellow,0,903,us,0,3.001,14,mww,136,23.0944,94.8654,"Mawlaik, Myanmar",Asia,Myanmar
"M 6.6 - 42 km WSW of Ashk?sham, Afghanistan",6.6,10/4/2016 10:28,6,4,green,0,738,us,0,0.789,17,mww,212,36.4725,71.1311,"Ashk?sham, Afghanistan",Asia,Afghanistan
"M 6.7 - 104 km W of Sola, Vanuatu",6.7,7/4/2016 3:32,7,5,green,1,692,us,0,6.787,25,mww,27.59,-13.9805,166.594,"Sola, Vanuatu",,Vanuatu
"M 6.7 - 102 km WSW of Sola, Vanuatu",6.7,6/4/2016 6:58,7,6,green,1,691,us,0,6.697,19,mww,24,-14.0683,166.624,"Sola, Vanuatu",,Vanuatu
"M 6.9 - 82 km NNW of Port-Olry, Vanuatu",6.9,3/4/2016 8:23,7,6,green,1,734,us,0,1.166,25,mww,26,-14.3235,166.855,"Port-Olry, Vanuatu",,Vanuatu
"M 7.2 - 80 km S of Mil’kovo, Russia",7.2,30/1/2016 3:25,3,7,green,1,799,us,0,0.958,17,mww,177,53.9776,158.546,"Mil’kovo, Russia",Asia,Russia
"M 7.1 - 47 km ESE of Pedro Bay, Alaska",7.1,24/1/2016 10:30,7,7,green,1,1496,ak,0,0,0,mw,125.6,59.6204,-153.339,"Pedro Bay, Alaska",North America,United States of America
"M 6.7 - 52 km SE of Shizunai-furukawach?, Japan",6.7,14/1/2016 3:25,5,6,green,1,717,us,0,0.281,22,mww,46,41.9723,142.781,"Shizunai-furukawach?, Japan",Asia,Japan
"M 6.5 - 227 km SE of Sarangani, Philippines",6.5,11/1/2016 16:38,3,6,green,1,651,us,0,3.144,22,mww,13,3.8965,126.862,"Sarangani, Philippines",,Indonesia
"M 6.7 - 29 km W of Imph?l, India",6.7,3/1/2016 23:05,8,7,orange,0,1515,us,0,1.794,16,mww,55,24.8036,93.6505,"Imph?l, India",Asia,India
"M 6.6 - 4 km W of Manuel Ávila Camacho (Ponte Duro), Mexico",6.6,17/12/2015 19:49,8,6,green,1,765,us,0,0.41,35,mww,85,15.8015,-93.633,"Manuel Ávila Camacho (Ponte Duro), Mexico",,Mexico
"M 6.9 - 107 km SE of Amahai, Indonesia",6.9,9/12/2015 10:21,8,5,green,0,738,us,0,2.979,14,mww,21,-4.1064,129.508,"Amahai, Indonesia",,Indonesia
"M 7.2 - 104 km W of Murghob, Tajikistan",7.2,7/12/2015 7:50,4,7,green,0,827,us,0,1.116,18,mww,22,38.2107,72.7797,"Murghob, Tajikistan",Asia,Tajikistan
"M 6.7 - 125 km SSW of Tarauacá, Brazil",6.7,26/11/2015 5:45,2,3,green,0,691,us,0,2.033,19,mww,602.75,-9.1825,-71.2574,"Tarauacá, Brazil",South America,Brazil
"M 7.6 - 185 km WNW of Iñapari, Peru",7.6,24/11/2015 22:50,5,4,green,0,896,us,0,2.852,10,mww,620.56,-10.0598,-71.0184,"Iñapari, Peru",South America,Peru
"M 7.6 - 155 km WNW of Iñapari, Peru",7.6,24/11/2015 22:45,6,5,green,1,957,us,0,3.287,10,mww,606.21,-10.5372,-70.9437,"Iñapari, Peru",South America,Peru
"M 6.8 - 153 km WSW of Buala, Solomon Islands",6.8,18/11/2015 18:31,5,6,green,1,715,us,0,1.599,19,mww,12.59,-8.8994,158.422,"Buala, Solomon Islands",,Solomon Islands
"M 6.5 - 19 km SSW of Lefkáda, Greece",6.5,17/11/2015 7:10,7,7,orange,0,1018,us,0,0,0,mww,11,38.67,20.6,"Lefkáda, Greece",Europe,Greece
"M 6.8 - 39 km SW of Ovalle, Chile",6.8,7/11/2015 7:31,7,7,green,1,841,us,0,0.258,41,mww,46,-30.8796,-71.4519,"Ovalle, Chile",South America,Chile
"M 6.5 - 47 km NW of Maubara, Timor Leste",6.5,4/11/2015 3:44,5,7,green,0,657,us,0,1.53,21,mww,20,-8.3381,124.875,"Maubara, Timor Leste",,Indonesia
"M 7.5 - Hindu Kush region, Afghanistan",7.5,26/10/2015 9:09,8,7,orange,0,1448,us,0,0.622,18,mww,231,36.5244,70.3676,"Hindu Kush region, Afghanistan",Asia,Afghanistan
"M 7.1 - 31 km NE of Port-Olry, Vanuatu",7.1,20/10/2015 21:52,6,6,green,1,780,us,0,0.592,11,mww,135,-14.8595,167.303,"Port-Olry, Vanuatu",,Vanuatu
"M 6.6 - 28 km N of Sorong, Indonesia",6.6,24/9/2015 15:53,7,7,green,0,671,us,0,2.486,13,mww,18,-0.6212,131.262,"Sorong, Indonesia",,Indonesia
"M 6.6 - 22 km WSW of Illapel, Chile",6.6,21/9/2015 17:40,5,7,green,1,820,us,0,1.064,14,mww,35,-31.7275,-71.3792,"Illapel, Chile",South America,Chile
"M 6.7 - 61 km WNW of Illapel, Chile",6.7,17/9/2015 4:10,5,7,green,0,718,us,0,0.853,35,mww,23,-31.5173,-71.804,"Illapel, Chile",,Chile
"M 6.5 - 54 km WNW of Illapel, Chile",6.5,17/9/2015 3:55,6,7,green,0,657,us,0,0.749,62,mww,27,-31.4244,-71.6876,"Illapel, Chile",,Chile
"M 7.0 - 25 km WNW of Illapel, Chile",7,16/9/2015 23:18,8,7,green,0,799,us,0,0.903,13,mww,28.41,-31.5622,-71.4262,"Illapel, Chile",South America,Chile
"M 8.3 - 48 km W of Illapel, Chile",8.3,16/9/2015 22:54,9,8,orange,1,1960,us,0,0.684,19,mww,22.44,-31.5729,-71.6744,"Illapel, Chile",,Chile
"M 7.0 - 234 km W of Abepura, Indonesia",7,27/7/2015 21:41,9,7,green,1,762,us,0,6.278,12,mww,48,-2.6286,138.528,"Abepura, Indonesia",,Indonesia
"M 6.7 - 150 km WNW of Malango, Solomon Islands",6.7,10/7/2015 4:12,4,5,green,1,691,us,0,1.529,11,mww,12,-9.307,158.403,"Malango, Solomon Islands",,Solomon Islands
"M 6.8 - 32 km SE of ?funato, Japan",6.8,12/5/2015 21:12,8,6,green,1,831,us,0,1.422,8,mww,35,38.9056,142.032,"?funato, Japan",Asia,Japan
M 7.3 - Nepal,7.3,12/5/2015 7:05,8,7,orange,0,1563,us,0,0.677,11,mww,15,27.8087,86.0655,Nepal,Asia,Nepal
"M 7.5 - 131 km SSW of Kokopo, Papua New Guinea",7.5,5/5/2015 1:44,7,8,green,1,869,us,0,1.295,22,mww,55,-5.4624,151.875,"Kokopo, Papua New Guinea",,Papua New Guinea
"M 6.8 - 109 km SSW of Kokopo, Papua New Guinea",6.8,1/5/2015 8:06,5,6,green,1,714,us,0,1.074,23,mww,44,-5.2005,151.777,"Kokopo, Papua New Guinea",,Papua New Guinea
"M 6.7 - 126 km SSW of Kokopo, Papua New Guinea",6.7,30/4/2015 10:45,5,6,green,1,692,us,0,1.239,12,mww,31,-5.375,151.771,"Kokopo, Papua New Guinea",,Papua New Guinea
"M 6.7 - 21 km SSE of Kod?ri??, Nepal",6.7,26/4/2015 7:09,7,7,yellow,0,1016,us,0,0.727,13,mww,22.91,27.7711,86.0173,"Kod?ri??, Nepal",Asia,Nepal
"M 6.6 - 71 km NNE of Bharatpur, Nepal",6.6,25/4/2015 6:45,8,7,yellow,0,733,us,0,1.778,16,mww,10,28.2244,84.8216,"Bharatpur, Nepal",Asia,Nepal
"M 7.8 - 67 km NNE of Bharatpur, Nepal",7.8,25/4/2015 6:11,8,9,red,0,2820,us,0,1.857,12,mww,8.22,28.2305,84.7314,"Bharatpur, Nepal",Asia,Nepal
"M 7.5 - 53 km SE of Kokopo, Papua New Guinea",7.5,29/3/2015 23:48,6,7,green,1,872,us,0,0.666,19,mww,41,-4.7294,152.562,"Kokopo, Papua New Guinea",,Papua New Guinea
"M 7.0 - 150 km NNE of Maumere, Indonesia",7,27/2/2015 13:45,4,6,green,0,760,us,0,1.362,12,mww,552.06,-7.2968,122.535,"Maumere, Indonesia",,Indonesia
"M 6.7 - 103 km W of El Aguilar, Argentina",6.7,11/2/2015 18:57,4,6,green,1,700,us,0,2.11,16,mww,223,-23.1125,-66.688,"El Aguilar, Argentina",South America,Argentina
"M 6.8 - 81 km NNE of Port-Vila, Vanuatu",6.8,23/1/2015 3:47,1,4,green,1,711,us,0,2.019,13,mww,219.96,-17.0309,168.52,"Port-Vila, Vanuatu",,Vanuatu
"M 6.6 - 22 km ESE of Punta de Burica, Panama",6.6,8/12/2014 8:54,7,6,green,1,709,us,0,2.485,43,mww,20,7.9401,-82.6865,"Punta de Burica, Panama",,Panama
"M 6.6 - 106 km WSW of Sangay, Philippines",6.6,2/12/2014 5:11,1,3,green,0,670,us,0,2.6,9,mww,614,6.1572,123.126,"Sangay, Philippines",,Philippines
"M 6.8 - 157 km NW of Ternate, Indonesia",6.8,26/11/2014 14:33,6,5,green,1,713,us,0,1.421,19,mww,39,1.9604,126.575,"Ternate, Indonesia",,Indonesia
"M 6.5 - 123 km WNW of Tobelo, Indonesia",6.5,21/11/2014 10:10,5,5,green,1,652,us,0,1.549,9,mww,35,2.2999,127.056,"Tobelo, Indonesia",,Indonesia
"M 7.1 - 155 km NW of Ternate, Indonesia",7.1,15/11/2014 2:31,4,6,green,1,779,us,0,1.397,18,mww,45,1.8929,126.522,"Ternate, Indonesia",,Indonesia
"M 6.6 - 76 km NE of Finschhafen, Papua New Guinea",6.6,7/11/2014 3:33,2,6,green,1,671,us,0,3.557,13,mww,53.19,-5.9873,148.232,"Finschhafen, Papua New Guinea",,Papua New Guinea
"M 6.8 - 38 km NW of Aniso, Peru",6.8,24/8/2014 23:21,6,6,green,1,741,us,0,4.107,18,mww,101,-14.598,-73.5714,"Aniso, Peru",South America,Peru
M 6.9 - Fiji region,6.9,21/7/2014 14:54,0,6,green,1,732,us,0,3.934,15,mww,615.42,-19.8015,-178.4,Fiji region,,Fiji
"M 6.9 - 4 km W of Puerto Madero, Mexico",6.9,7/7/2014 11:23,8,7,orange,1,1079,us,0,0.263,51,mww,53,14.724,-92.4614,"Puerto Madero, Mexico",,Mexico
"M 7.9 - Rat Islands, Aleutian Islands, Alaska",7.9,23/6/2014 20:53,6,8,green,1,963,us,0,0.133,22,mww,109,51.8486,178.735,"Rat Islands, Aleutian Islands, Alaska",North America,United States of America
"M 6.9 - 21 km SSW of Kamariótissa, Greece",6.9,24/5/2014 9:25,9,7,green,0,951,us,0,0.402,25,mww,6.43,40.2893,25.3889,"Kamariótissa, Greece",Europe,Greece
"M 6.6 - 57 km SW of Panguna, Papua New Guinea",6.6,19/4/2014 1:04,0,6,green,1,670,us,0,3.803,11,mww,29,-6.6558,155.087,"Panguna, Papua New Guinea",,Papua New Guinea
"M 7.2 - 9 km ENE of Coyuquilla Norte, Mexico",7.2,18/4/2014 14:27,8,7,yellow,1,1017,us,0,2.25,46,mww,24,17.397,-100.972,"Coyuquilla Norte, Mexico",North America,Mexico
"M 6.6 - 15 km N of Belén, Nicaragua",6.6,11/4/2014 20:29,6,5,green,1,677,us,0,0.761,20,mww,135,11.642,-85.8779,"Belén, Nicaragua",,Nicaragua
"M 7.1 - 56 km WSW of Panguna, Papua New Guinea",7.1,11/4/2014 7:07,0,7,green,1,776,us,0,3.729,21,mww,60.53,-6.5858,155.048,"Panguna, Papua New Guinea",,Papua New Guinea
"M 6.9 - 272 km ESE of Hotan, China",6.9,12/2/2014 9:19,3,8,yellow,0,733,us,0,7.496,18,mww,10,35.9053,82.5864,"Hotan, China",Asia,People's Republic of China
"M 6.5 - 32 km E of Port-Olry, Vanuatu",6.5,7/2/2014 8:40,0,5,green,1,650,us,0,0.409,20,mww,122,-15.0691,167.372,"Port-Olry, Vanuatu",,Vanuatu
"M 6.5 - 32 km W of Sola, Vanuatu",6.5,1/1/2014 16:03,0,4,green,1,650,us,0,3.997,14,mww,187,-13.8633,167.249,"Sola, Vanuatu",,Vanuatu
M 7.7 - Scotia Sea,7.7,17/11/2013 9:04,1,8,green,1,912,us,0,8.05,23,mww,10,-60.2738,-46.4011,Scotia Sea,,United Kingdom of Great Britain and Northern Ireland (the)
M 6.9 - Scotia Sea,6.9,16/11/2013 3:34,0,5,green,1,732,us,0,8.284,17,mww,9.97,-60.2627,-47.0621,Scotia Sea,,United Kingdom of Great Britain and Northern Ireland (the)
"M 6.6 - 41 km SSW of Coquimbo, Chile",6.6,31/10/2013 23:03,6,7,green,1,723,us,0,0.636,31,mww,27,-30.2921,-71.5215,"Coquimbo, Chile",South America,Chile
"M 6.8 - 62 km WSW of Panguna, Papua New Guinea",6.8,16/10/2013 10:30,0,6,green,1,711,us,0,5.79,9,mww,35,-6.4456,154.931,"Panguna, Papua New Guinea",,Papua New Guinea
"M 7.1 - 4 km SE of Sagbayan, Philippines",7.1,15/10/2013 0:12,9,8,orange,1,1092,us,0,3.144,12,mww,19.04,9.8796,124.117,"Sagbayan, Philippines",,Philippines
"M 6.8 - 129 km WSW of Khuzdar, Pakistan",6.8,28/9/2013 7:34,7,7,orange,0,1005,us,0,7.359,17,mww,12,27.1825,65.5052,"Khuzdar, Pakistan",Asia,Pakistan
"M 7.1 - 16 km WSW of Atiquipa, Peru",7.1,25/9/2013 16:42,8,7,green,1,843,us,0,4.446,17,mww,40,-15.8385,-74.5112,"Atiquipa, Peru",,Peru
"M 7.7 - 113 km NW of Bela, Pakistan",7.7,24/9/2013 11:29,5,8,red,0,2015,us,0,7.241,17,mww,15,26.951,65.5009,"Bela, Pakistan",Asia,Pakistan
"M 6.5 - 180 km NE of Lospalos, Timor Leste",6.5,1/9/2013 11:52,4,5,green,0,668,us,0,3.097,11,mww,112,-7.44,128.221,"Lospalos, Timor Leste",,Indonesia
"M 6.5 - 29 km SE of Blenheim, New Zealand",6.5,16/8/2013 2:31,9,7,yellow,1,690,us,0,0,0,mww,8.2,-41.734,174.152,"Blenheim, New Zealand",,New Zealand
"M 6.5 - 38 km ESE of Blenheim, New Zealand",6.5,21/7/2013 5:09,6,7,yellow,1,693,us,229,0,20,mww,17,-41.704,174.337,"Blenheim, New Zealand",,New Zealand
M 7.3 - South Sandwich Islands region,7.3,15/7/2013 14:03,0,6,green,1,820,us,398,0,43,mww,11,-60.857,-25.07,South Sandwich Islands region,,United Kingdom of Great Britain and Northern Ireland (the)
"M 6.6 - 26 km NE of Kandrian, Papua New Guinea",6.6,7/7/2013 20:30,4,6,green,0,674,us,139,0,14,mww,56,-6.029,149.706,"Kandrian, Papua New Guinea",,Papua New Guinea
"M 7.3 - 190 km ENE of Kokopo, Papua New Guinea",7.3,7/7/2013 18:35,0,4,green,1,820,us,117,0,24,mww,385.5,-3.917,153.927,"Kokopo, Papua New Guinea",,Papua New Guinea
"M 6.5 - 33 km N of Rabaul, Papua New Guinea",6.5,23/4/2013 23:14,0,6,green,1,650,us,264,0,16.6,mww,10,-3.898,152.127,"Rabaul, Papua New Guinea",,Papua New Guinea
"M 6.6 - 56 km WSW of Linqiong, China",6.6,20/4/2013 0:02,8,8,red,0,2083,us,548,0,12.6,mww,14,30.308,102.888,"Linqiong, China",Asia,People's Republic of China
"M 7.2 - 252 km ENE of Kuril’sk, Russia",7.2,19/4/2013 3:05,5,7,green,1,804,us,770,0,10.1,mww,110,46.221,150.788,"Kuril’sk, Russia",Asia,Russia
"M 6.6 - 23 km ESE of Aitape, Papua New Guinea",6.6,16/4/2013 22:55,7,7,green,1,672,us,445,0,11,mww,13,-3.214,142.542,"Aitape, Papua New Guinea",,Papua New Guinea
"M 7.7 - 79 km ESE of Kh?sh, Iran",7.7,16/4/2013 10:44,8,8,yellow,0,1421,us,506,0,26.6,mww,80,28.033,61.996,"Kh?sh, Iran",Asia,Iran
"M 7.0 - 260 km WSW of Abepura, Indonesia",7,6/4/2013 4:42,3,7,green,1,755,us,640,0,11.4,mww,66,-3.517,138.476,"Abepura, Indonesia",,Indonesia
"M 6.5 - 36 km E of Finschhafen, Papua New Guinea",6.5,10/3/2013 22:51,0,6,green,1,650,us,317,0,14.2,mww,28,-6.598,148.174,"Finschhafen, Papua New Guinea",,Papua New Guinea
"M 6.6 - 183 km SW of Belaya Gora, Russia",6.6,14/2/2013 13:13,0,7,green,1,670,us,697,0,15.3,mww,11,67.631,142.508,"Belaya Gora, Russia",Asia,Russia
"M 6.6 - 30 km SSW of Lata, Solomon Islands",6.6,9/2/2013 21:02,0,6,green,1,670,us,421,0,16.6,mww,18,-10.994,165.741,"Lata, Solomon Islands",,Solomon Islands
"M 6.9 - 2 km NNE of Yacuanquer, Colombia",6.9,9/2/2013 14:16,5,5,green,1,904,us,562,0,23.7,mww,145,1.135,-77.393,"Yacuanquer, Colombia",South America,Colombia
"M 7.1 - 32 km SE of Lata, Solomon Islands",7.1,8/2/2013 15:26,9,6,green,1,780,us,334,0,16.5,mww,21,-10.928,166.018,"Lata, Solomon Islands",,Solomon Islands
"M 6.8 - 22 km ESE of Lata, Solomon Islands",6.8,8/2/2013 11:12,0,7,green,1,711,us,400,0,17.5,mww,12,-10.838,165.969,"Lata, Solomon Islands",,Solomon Islands
"M 6.7 - 33 km SSW of Lata, Solomon Islands",6.7,7/2/2013 18:59,0,6,green,1,691,us,387,0,26.5,mww,11,-10.997,165.655,"Lata, Solomon Islands",,Solomon Islands
"M 7.0 - 33 km NW of Lata, Solomon Islands",7,6/2/2013 1:54,0,6,green,0,754,us,445,0,17.5,mww,8.8,-10.499,165.588,"Lata, Solomon Islands",,Solomon Islands
"M 6.9 - 18 km SSW of Obihiro, Japan",6.9,2/2/2013 14:17,6,7,yellow,0,814,us,686,0,28,mww,107,42.77,143.092,"Obihiro, Japan",Asia,Japan
"M 6.8 - 54 km N of Vallenar, Chile",6.8,30/1/2013 20:15,6,7,green,0,771,us,596,0,19.3,mww,45,-28.094,-70.653,"Vallenar, Chile",South America,Chile
